{"cameraMode":{"drawMode":0,"name":"Shaded","section":"Shading Mode"},"sceneLighting":true,"audioPlay":false,"sceneViewState":{"showFog":false,"showMaterialUpdate":false,"showSkybox":false,"showFlares":false,"showImageEffects":false,"showParticleSystems":false},"in2DMode":false,"pivot":{"x":259.8999938964844,"y":100.5,"z":174.1199951171875},"rotation":{"x":0.3611687421798706,"y":0.06296997517347336,"z":-0.024439722299575807,"w":0.9300509691238403},"size":51.209999084472659,"orthographic":true}