{"cameraMode":{"drawMode":0,"name":"Shaded","section":"Shading Mode"},"sceneLighting":false,"audioPlay":false,"sceneViewState":{"showFog":false,"showMaterialUpdate":false,"showSkybox":false,"showFlares":false,"showImageEffects":false,"showParticleSystems":false},"in2DMode":false,"pivot":{"x":0.0,"y":6.150000095367432,"z":-0.0000037550926208496095},"rotation":{"x":0.1197315976023674,"y":-0.274109423160553,"z":0.03442690894007683,"w":0.9535949230194092},"size":22.358928680419923,"orthographic":true}