{"cameraMode":{"drawMode":0,"name":"Shaded","section":"Shading Mode"},"sceneLighting":true,"audioPlay":false,"sceneViewState":{"showFog":false,"showMaterialUpdate":false,"showSkybox":false,"showFlares":false,"showImageEffects":false,"showParticleSystems":false},"in2DMode":false,"pivot":{"x":1186.32763671875,"y":240.35546875,"z":5233.4501953125},"rotation":{"x":-0.00029951511532999575,"y":-0.9995455741882324,"z":0.028401527553796769,"w":-0.010101410560309887},"size":1031.8582763671875,"orthographic":true}