{"cameraMode":{"drawMode":0,"name":"Shaded","section":"Shading Mode"},"sceneLighting":true,"audioPlay":false,"sceneViewState":{"showFog":false,"showMaterialUpdate":false,"showSkybox":false,"showFlares":false,"showImageEffects":false,"showParticleSystems":false},"in2DMode":false,"pivot":{"x":1132.058837890625,"y":-313.9896545410156,"z":3109.077392578125},"rotation":{"x":-0.034400034695863727,"y":0.0023080126848071815,"z":-0.00009187067189486697,"w":-0.9994055032730103},"size":1714.7264404296875,"orthographic":true}