{"cameraMode":{"drawMode":0,"name":"Shaded","section":"Shading Mode"},"sceneLighting":false,"audioPlay":false,"sceneViewState":{"showFog":false,"showMaterialUpdate":false,"showSkybox":false,"showFlares":false,"showImageEffects":false,"showParticleSystems":false},"in2DMode":false,"pivot":{"x":-889.4697265625,"y":987.1845703125,"z":-164.44149780273438},"rotation":{"x":0.3333921432495117,"y":-0.17110930383205415,"z":0.061675772070884708,"w":0.9250770211219788},"size":10.02009391784668,"orthographic":true}