{"cameraMode":{"drawMode":0,"name":"Shaded","section":"Shading Mode"},"sceneLighting":false,"audioPlay":false,"sceneViewState":{"showFog":false,"showMaterialUpdate":false,"showSkybox":false,"showFlares":false,"showImageEffects":false,"showParticleSystems":false},"in2DMode":false,"pivot":{"x":-889.4697265625,"y":987.1845703125,"z":-164.44149780273438},"rotation":{"x":0.5084658265113831,"y":0.00266938004642725,"z":-0.0015684138052165509,"w":0.8610765933990479},"size":10.02009391784668,"orthographic":true}