{"cameraMode":{"drawMode":0,"name":"Shaded","section":"Shading Mode"},"sceneLighting":false,"audioPlay":false,"sceneViewState":{"showFog":false,"showMaterialUpdate":false,"showSkybox":false,"showFlares":false,"showImageEffects":false,"showParticleSystems":false},"in2DMode":false,"pivot":{"x":-76.63131713867188,"y":-27.32500457763672,"z":-59.11399841308594},"rotation":{"x":-0.13191625475883485,"y":-0.09420999884605408,"z":0.012582316063344479,"w":-0.9866936206817627},"size":0.23374168574810029,"orthographic":true}