{"cameraMode":{"drawMode":0,"name":"Shaded","section":"Shading Mode"},"sceneLighting":true,"audioPlay":false,"sceneViewState":{"showFog":false,"showMaterialUpdate":false,"showSkybox":false,"showFlares":false,"showImageEffects":false,"showParticleSystems":false},"in2DMode":false,"pivot":{"x":582.8499755859375,"y":1082.75,"z":451.3800048828125},"rotation":{"x":0.1967630386352539,"y":0.23144669830799104,"z":-0.047846224159002307,"w":0.9515395760536194},"size":2362.660888671875,"orthographic":true}