{"cameraMode":{"drawMode":0,"name":"Shaded","section":"Shading Mode"},"sceneLighting":false,"audioPlay":false,"sceneViewState":{"showFog":false,"showMaterialUpdate":false,"showSkybox":false,"showFlares":false,"showImageEffects":false,"showParticleSystems":false},"in2DMode":false,"pivot":{"x":259.8999938964844,"y":101.4000015258789,"z":174.5},"rotation":{"x":0.23712365329265595,"y":-0.0052464064210653309,"z":0.0012927635107189417,"w":0.9714644551277161},"size":25.72095489501953,"orthographic":true}