{"cameraMode":{"drawMode":0,"name":"Shaded","section":"Shading Mode"},"sceneLighting":false,"audioPlay":false,"sceneViewState":{"showFog":false,"showMaterialUpdate":false,"showSkybox":false,"showFlares":false,"showImageEffects":false,"showParticleSystems":false},"in2DMode":false,"pivot":{"x":259.8999938964844,"y":100.5,"z":174.1199951171875},"rotation":{"x":0.22713753581047059,"y":0.046822577714920047,"z":-0.010920979082584381,"w":0.9726752042770386},"size":25.72095489501953,"orthographic":true}