{"cameraMode":{"drawMode":0,"name":"Shaded","section":"Shading Mode"},"sceneLighting":false,"audioPlay":false,"sceneViewState":{"showFog":false,"showMaterialUpdate":false,"showSkybox":false,"showFlares":false,"showImageEffects":false,"showParticleSystems":false},"in2DMode":false,"pivot":{"x":-0.881385087966919,"y":6.119283676147461,"z":0.1916886568069458},"rotation":{"x":0.10606376826763153,"y":0.32350030541419985,"z":-0.036506958305835727,"w":0.9395558834075928},"size":23.17803192138672,"orthographic":true}