{"cameraMode":{"drawMode":0,"name":"Shaded","section":"Shading Mode"},"sceneLighting":true,"audioPlay":false,"sceneViewState":{"showFog":true,"showMaterialUpdate":false,"showSkybox":true,"showFlares":true,"showImageEffects":true,"showParticleSystems":true},"in2DMode":false,"pivot":{"x":-563.6474609375,"y":-730.0125732421875,"z":2767.024169921875},"rotation":{"x":0.013943185098469258,"y":-0.9857085347175598,"z":0.10477733612060547,"w":0.13117171823978425},"size":3763.180419921875,"orthographic":false}