{"cameraMode":{"drawMode":0,"name":"Shaded","section":"Shading Mode"},"sceneLighting":true,"audioPlay":false,"sceneViewState":{"showFog":true,"showMaterialUpdate":false,"showSkybox":true,"showFlares":true,"showImageEffects":true,"showParticleSystems":true},"in2DMode":false,"pivot":{"x":249.1273193359375,"y":-674.9891357421875,"z":1981.3302001953125},"rotation":{"x":-0.20786939561367036,"y":0.004401686601340771,"z":-0.0009354106150567532,"w":-0.9781462550163269},"size":2124.7236328125,"orthographic":false}