{"cameraMode":{"drawMode":0,"name":"Shaded","section":"Shading Mode"},"sceneLighting":true,"audioPlay":false,"sceneViewState":{"showFog":true,"showMaterialUpdate":false,"showSkybox":true,"showFlares":true,"showImageEffects":true,"showParticleSystems":true},"in2DMode":false,"pivot":{"x":615.5894165039063,"y":256.62701416015627,"z":2201.65771484375},"rotation":{"x":0.00983293168246746,"y":-0.9853590130805969,"z":0.1589144468307495,"w":0.06096915900707245},"size":1232.6627197265625,"orthographic":false}