{"cameraMode":{"drawMode":0,"name":"Shaded","section":"Shading Mode"},"sceneLighting":true,"audioPlay":false,"sceneViewState":{"showFog":true,"showMaterialUpdate":false,"showSkybox":true,"showFlares":true,"showImageEffects":true,"showParticleSystems":true},"in2DMode":false,"pivot":{"x":1575.812744140625,"y":-1234.472900390625,"z":4208.07763671875},"rotation":{"x":0.00082454300718382,"y":0.8353639245033264,"z":-0.5496953129768372,"w":0.0012530472595244647},"size":14830.77734375,"orthographic":false}