{"cameraMode":{"drawMode":0,"name":"Shaded","section":"Shading Mode"},"sceneLighting":true,"audioPlay":false,"sceneViewState":{"showFog":true,"showMaterialUpdate":false,"showSkybox":true,"showFlares":true,"showImageEffects":true,"showParticleSystems":true},"in2DMode":false,"pivot":{"x":339.0392150878906,"y":-37.378814697265628,"z":535.0233764648438},"rotation":{"x":0.1901378631591797,"y":0.030919643118977548,"z":-0.005991313606500626,"w":0.981252133846283},"size":1126.275146484375,"orthographic":false}