{"cameraMode":{"drawMode":0,"name":"Shaded","section":"Shading Mode"},"sceneLighting":true,"audioPlay":false,"sceneViewState":{"showFog":true,"showMaterialUpdate":false,"showSkybox":true,"showFlares":true,"showImageEffects":true,"showParticleSystems":true},"in2DMode":false,"pivot":{"x":564.980224609375,"y":157.17144775390626,"z":1422.59423828125},"rotation":{"x":0.02378448285162449,"y":0.04396883398294449,"z":-0.001047069439664483,"w":0.9987491965293884},"size":2367.856201171875,"orthographic":false}