{"cameraMode":{"drawMode":0,"name":"Shaded","section":"Shading Mode"},"sceneLighting":false,"audioPlay":false,"sceneViewState":{"showFog":true,"showMaterialUpdate":false,"showSkybox":true,"showFlares":true,"showImageEffects":true,"showParticleSystems":true},"in2DMode":false,"pivot":{"x":-76.63131713867188,"y":-27.32500457763672,"z":-59.11399841308594},"rotation":{"x":-0.40073660016059878,"y":-0.07536221295595169,"z":0.03309684619307518,"w":-0.912488579750061},"size":0.15193337202072144,"orthographic":false}