{"cameraMode":{"drawMode":0,"name":"Shaded","section":"Shading Mode"},"sceneLighting":false,"audioPlay":false,"sceneViewState":{"showFog":true,"showMaterialUpdate":false,"showSkybox":true,"showFlares":true,"showImageEffects":true,"showParticleSystems":true},"in2DMode":false,"pivot":{"x":-226.92266845703126,"y":-4.225006103515625,"z":-6.408840179443359},"rotation":{"x":0.4927821159362793,"y":0.017200686037540437,"z":-0.009750507771968842,"w":0.8699281215667725},"size":5.186575889587402,"orthographic":true}