{"cameraMode":{"drawMode":0,"name":"Shaded","section":"Shading Mode"},"sceneLighting":false,"audioPlay":false,"sceneViewState":{"showFog":true,"showMaterialUpdate":false,"showSkybox":true,"showFlares":true,"showImageEffects":true,"showParticleSystems":true},"in2DMode":false,"pivot":{"x":137.10000610351563,"y":353.02685546875,"z":-136.60000610351563},"rotation":{"x":-0.09033173322677612,"y":0.822632372379303,"z":-0.13647091388702393,"w":-0.5445106625556946},"size":141.92384338378907,"orthographic":true}