{"cameraMode":{"drawMode":0,"name":"Shaded","section":"Shading Mode"},"sceneLighting":false,"audioPlay":false,"sceneViewState":{"showFog":true,"showMaterialUpdate":false,"showSkybox":true,"showFlares":true,"showImageEffects":true,"showParticleSystems":true},"in2DMode":false,"pivot":{"x":-10.214957237243653,"y":-3.9528579711914064,"z":-10.952874183654786},"rotation":{"x":0.4927821159362793,"y":0.017200686037540437,"z":-0.009750507771968842,"w":0.8699281215667725},"size":6.250690937042236,"orthographic":true}