{"cameraMode":{"drawMode":0,"name":"Shaded","section":"Shading Mode"},"sceneLighting":false,"audioPlay":false,"sceneViewState":{"showFog":true,"showMaterialUpdate":false,"showSkybox":true,"showFlares":true,"showImageEffects":true,"showParticleSystems":true},"in2DMode":false,"pivot":{"x":-79.04023742675781,"y":-3.284506320953369,"z":-181.90206909179688},"rotation":{"x":-0.21974438428878785,"y":-0.15348708629608155,"z":0.0350341834127903,"w":-0.9627703428268433},"size":3.9982175827026369,"orthographic":true}