{"cameraMode":{"drawMode":0,"name":"Shaded","section":"Shading Mode"},"sceneLighting":false,"audioPlay":false,"sceneViewState":{"showFog":true,"showMaterialUpdate":false,"showSkybox":true,"showFlares":true,"showImageEffects":true,"showParticleSystems":true},"in2DMode":false,"pivot":{"x":-475.38873291015627,"y":294.52789306640627,"z":153.5345916748047},"rotation":{"x":-0.11166291683912277,"y":0.005373761057853699,"z":-0.0006018126732669771,"w":-0.9937314391136169},"size":17.995336532592775,"orthographic":true}