{"cameraMode":{"drawMode":0,"name":"Shaded","section":"Shading Mode"},"sceneLighting":false,"audioPlay":false,"sceneViewState":{"showFog":true,"showMaterialUpdate":false,"showSkybox":true,"showFlares":true,"showImageEffects":true,"showParticleSystems":true},"in2DMode":false,"pivot":{"x":1.525177001953125,"y":-3.784027099609375,"z":-2.185455322265625},"rotation":{"x":0.4927821159362793,"y":0.017200686037540437,"z":-0.009750507771968842,"w":0.8699281215667725},"size":10.249038696289063,"orthographic":true}