{"cameraMode":{"drawMode":0,"name":"Shaded","section":"Shading Mode"},"sceneLighting":false,"audioPlay":false,"sceneViewState":{"showFog":true,"showMaterialUpdate":false,"showSkybox":true,"showFlares":true,"showImageEffects":true,"showParticleSystems":true},"in2DMode":false,"pivot":{"x":0.015156909823417664,"y":0.28450819849967959,"z":-2.156486988067627},"rotation":{"x":0.155230313539505,"y":0.6613630652427673,"z":-0.14262203872203828,"w":0.7198342680931091},"size":1.2598263025283814,"orthographic":true}