{"cameraMode":{"drawMode":0,"name":"Shaded","section":"Shading Mode"},"sceneLighting":false,"audioPlay":false,"sceneViewState":{"showFog":true,"showMaterialUpdate":false,"showSkybox":true,"showFlares":true,"showImageEffects":true,"showParticleSystems":true},"in2DMode":false,"pivot":{"x":402.1686706542969,"y":343.6855163574219,"z":-254.78582763671876},"rotation":{"x":0.029343096539378167,"y":-0.8744977712631226,"z":0.053322162479162219,"w":0.4811957776546478},"size":1.8675119876861573,"orthographic":false}