{"cameraMode":{"drawMode":0,"name":"Shaded","section":"Shading Mode"},"sceneLighting":false,"audioPlay":false,"sceneViewState":{"showFog":true,"showMaterialUpdate":false,"showSkybox":true,"showFlares":true,"showImageEffects":true,"showParticleSystems":true},"in2DMode":false,"pivot":{"x":-156.9891357421875,"y":-3.67745304107666,"z":-28.64422607421875},"rotation":{"x":0.18488745391368867,"y":0.6762018203735352,"z":-0.18125513195991517,"w":0.6897204518318176},"size":88.61382293701172,"orthographic":true}