{"cameraMode":{"drawMode":0,"name":"Shaded","section":"Shading Mode"},"sceneLighting":true,"audioPlay":false,"sceneViewState":{"showFog":true,"showMaterialUpdate":false,"showSkybox":true,"showFlares":true,"showImageEffects":true,"showParticleSystems":true},"in2DMode":false,"pivot":{"x":1037.268310546875,"y":153.90643310546876,"z":2918.512451171875},"rotation":{"x":-0.07657991349697113,"y":-0.822821319103241,"z":0.1142757311463356,"w":-0.551399827003479},"size":1846.866455078125,"orthographic":false}