{"cameraMode":{"drawMode":0,"name":"Shaded","section":"Shading Mode"},"sceneLighting":false,"audioPlay":false,"sceneViewState":{"showFog":true,"showMaterialUpdate":false,"showSkybox":true,"showFlares":true,"showImageEffects":true,"showParticleSystems":true},"in2DMode":false,"pivot":{"x":1.5673828125,"y":0.071533203125,"z":-2.677490234375},"rotation":{"x":-0.10906251519918442,"y":0.7133915424346924,"z":-0.11395274102687836,"w":-0.6827829480171204},"size":1.259826421737671,"orthographic":true}