{"cameraMode":{"drawMode":0,"name":"Shaded","section":"Shading Mode"},"sceneLighting":false,"audioPlay":false,"sceneViewState":{"showFog":true,"showMaterialUpdate":false,"showSkybox":true,"showFlares":true,"showImageEffects":true,"showParticleSystems":true},"in2DMode":false,"pivot":{"x":75.10826110839844,"y":348.954345703125,"z":-123.28633880615235},"rotation":{"x":0.009568533860147,"y":-0.8287530541419983,"z":-0.014173506759107113,"w":-0.5593531727790833},"size":9.833478927612305,"orthographic":true}