{"cameraMode":{"drawMode":0,"name":"Shaded","section":"Shading Mode"},"sceneLighting":false,"audioPlay":false,"sceneViewState":{"showFog":true,"showMaterialUpdate":false,"showSkybox":true,"showFlares":true,"showImageEffects":true,"showParticleSystems":true},"in2DMode":false,"pivot":{"x":9.5367431640625e-7,"y":5.513016223907471,"z":-20.658161163330079},"rotation":{"x":0.16887041926383973,"y":-0.33938899636268618,"z":0.0620727501809597,"w":0.9232794642448425},"size":31.990873336791993,"orthographic":false}