{"cameraMode":{"drawMode":0,"name":"Shaded","section":"Shading Mode"},"sceneLighting":false,"audioPlay":false,"sceneViewState":{"showFog":true,"showMaterialUpdate":false,"showSkybox":true,"showFlares":true,"showImageEffects":true,"showParticleSystems":true},"in2DMode":false,"pivot":{"x":386.50830078125,"y":344.1964416503906,"z":-250.8612518310547},"rotation":{"x":0.029343096539378167,"y":-0.8744977712631226,"z":0.053322162479162219,"w":0.4811957776546478},"size":2.0134239196777345,"orthographic":false}