{"cameraMode":{"drawMode":0,"name":"Shaded","section":"Shading Mode"},"sceneLighting":false,"audioPlay":false,"sceneViewState":{"showFog":true,"showMaterialUpdate":false,"showSkybox":true,"showFlares":true,"showImageEffects":true,"showParticleSystems":true},"in2DMode":false,"pivot":{"x":0.0,"y":0.07000000029802323,"z":-5.960464477539063e-8},"rotation":{"x":0.4927821159362793,"y":0.017200686037540437,"z":-0.009750507771968842,"w":0.8699281215667725},"size":10.151429176330567,"orthographic":true}